batch,cell_id,local_cell_id,cycle_life,charging_policy,baseline_QD,early_QD_mean,early_QD_slope,early_IR_mean,early_Tavg_mean,charge_C_mean,dq_log_variance,log_abs_min_dq_100_10,log_var_dq_100_10,log_skew_dq_100_10,log_kurtosis_dq_100_10,qd_slope_2_100,qd_intercept_2_100,qd_cycle_2,qd_max_minus_cycle_2,charge_time_mean_2_6,temperature_integral_2_100,ir_min_2_100,ir_diff_100_2,policy_C1,policy_C2,policy_switch_SOC,temperature_cycles_observed,early_QD_cycles,charge_cycles_observed,model,feature_set,split,prediction,error_cycles,absolute_error_cycles,absolute_percentage_error_pct
Batch 2,batch-2-cell-09,9,791.0,5.6C(26%)-4.5C-newstructure,1.0979091,1.0975024424242423,-3.901988235294243e-05,0.0153962351212121,32.3508526526095,1.8772784675043404,-4.343991170888546,-1.7043416016868915,-4.343991170888546,-1.282416290004729,0.3494559999969702,-3.178960420532104e-05,1.0991237122387132,1.0949715,0.0049909999999999,10.040580999999946,278324.7240695458,0.015197206,-5.300199999999991e-05,5.6,4.5,26.0,99,99,99,Day1_RandomForest,Day1_base6,Batch 2 test,1050.0935536477416,259.0935536477416,259.0935536477416,32.75519009453118
Batch 2,batch-2-cell-18,18,449.0,5.2C(50%)-4.25C,1.0772347,1.0825073353535355,2.893129411764932e-05,0.0166467427272727,32.88627829858526,1.918481005352064,-3.70686822440228,-1.4007101874245018,-3.70686822440228,-0.5629166904963094,0.1913355081189024,0.0001133929870129,1.0767242930158725,1.0756292,0.0127899,10.175029666666669,335066.1422329705,0.016488669,-4.021899999999759e-05,5.2,4.25,50.0,99,99,99,Day1_RandomForest,Day1_base6,Batch 2 test,696.9634286616158,247.9634286616158,247.9634286616158,55.225707942453404
Batch 2,batch-2-cell-06,6,393.0,3.6C(9%)-5C,1.0895009,1.092975573737374,-4.590434389140213e-05,0.0160374687272727,33.81904518975318,1.8531117046334007,-3.529605174727932,-1.3021390444128946,-3.529605174727932,-0.375807489018525,0.2515722752724845,6.24381335807018e-05,1.0897912289247575,1.0885617,0.0114950999999998,10.179130999999906,359132.2030181744,0.015897563,-0.000526063,3.6,5.0,9.0,99,99,99,Day1_RandomForest,Day1_base6,Batch 2 test,637.6606820887445,244.66068208874447,244.66068208874447,62.25462648568561
Batch 2,batch-2-cell-07,7,777.0,4.8C(80%)-4.8C-newstructure,1.0910656,1.0930350373737374,0.0001284473755656,0.0147906225757575,33.769687089746824,1.9018783612840824,-4.231235578131388,-1.6627808166712077,-4.231235578131388,-0.4277615506749432,0.2235899663828197,5.346993939393214e-05,1.0903080704646466,1.0904776,0.0151101999999998,10.037040333333376,288631.56590192125,0.014716571,1.3403999999999848e-05,4.8,4.8,80.0,99,99,99,Day1_RandomForest,Day1_base6,Batch 2 test,1014.9296928108656,237.92969281086562,237.92969281086562,30.621582086340492
Batch 2,batch-2-cell-19,19,392.0,6C(60%)-3C,1.0926902,1.094755986868687,0.0001405661538461,0.0167182581515151,32.770067410122046,1.8574331319321504,-3.2915234927686763,-1.182753687174254,-3.2915234927686763,-0.8062831067156702,0.2350132816265528,2.1983457019166268e-05,1.0936348305607089,1.0902406,0.0101404999999998,10.175535333333393,342302.95034307276,0.016542695,6.25240000000013e-05,6.0,3.0,60.0,99,99,99,Day1_RandomForest,Day1_base6,Batch 2 test,618.0567132936508,226.05671329365077,226.05671329365077,57.66752890144152
Batch 2,batch-2-cell-15,15,396.0,3.6C(9%)-5C,1.0703146,1.07504353030303,-1.9076832579160815e-06,0.0163038229292929,32.862747677246595,1.8696968002232168,-3.5158174150026964,-1.292986448721867,-3.5158174150026964,-1.1434098840893712,0.2059364135574791,9.20414260977118e-05,1.070349417572047,1.0697494,0.0096236999999999,10.174112999999924,354021.35254512745,0.016145013,-0.0009618189999999,3.6,5.0,9.0,99,99,99,Day1_RandomForest,Day1_base6,Batch 2 test,616.2716938131314,220.27169381313138,220.27169381313138,55.62416510432611
Batch 2,batch-2-cell-44,44,841.0,5.2C(58%)-4C-newstructure,1.0982679,1.0976287414141412,-3.77316108597265e-05,,33.95995836968299,1.9267486581678803,-4.3640889685513224,-1.6924552378239504,-4.3640889685513224,-0.6352615756208628,0.2771797567751597,-2.446207668521927e-05,1.098876307325087,1.09659,0.0027283,10.040366333333369,286375.61746688565,,0.0,5.2,4.0,58.0,99,99,99,Day1_RandomForest,Day1_base6,Batch 2 test,1051.3167248237878,210.3167248237878,210.3167248237878,25.007933986181662
Batch 2,batch-2-cell-21,21,408.0,6C(60%)-3C,1.1005412,1.1011154092929292,0.0001233865882352,0.0172002761717171,33.60118814118363,1.8825149725490375,-3.326244563425288,-1.1906586183672832,-3.326244563425288,-0.7082096924376042,0.2427538853084556,3.546821447123146e-05,1.099306530354896,1.0985936,0.0083651,10.174583999999935,352799.553110982,0.017071372,0.000128538,6.0,3.0,60.0,99,99,99,Day1_RandomForest,Day1_base6,Batch 2 test,617.3988519119771,209.3988519119771,209.3988519119771,51.32324801764144
Batch 2,batch-2-cell-24,24,514.0,4.8C(80%)-4.8C,1.0941064,1.0963041979797978,0.0001667049411764,0.0165153767171717,33.206377241160645,1.885915025917145,-3.640450756301035,-1.3397990424498685,-3.640450756301035,-0.8315257594422648,0.2437967780610757,4.325509709338842e-05,1.0940981880280347,1.0923017,0.0096247,10.170490666666687,352804.9193291242,0.016424084,-0.0001408489999999,4.8,4.8,80.0,99,99,99,Day1_RandomForest,Day1_base6,Batch 2 test,718.2095663780664,204.20956637806637,204.20956637806637,39.7294876221919
Batch 2,batch-2-cell-30,30,412.0,5.6C(26%)-4.5C,1.0962735,1.0929829222222225,6.89620090497753e-05,0.0168832493333333,33.81182141567536,2.282581532408152,-3.1849750475008567,-1.121920556930394,-3.1849750475008567,-0.6000660286449436,0.2549691969936482,-8.503881385281154e-05,1.0973199017287152,1.0946374,0.0038264999999999,10.223914333333378,336938.76566848415,0.01667887,-0.0010622549999999,5.6,4.5,26.0,99,99,99,Day1_RandomForest,Day1_base6,Batch 2 test,609.9043578643578,197.90435786435785,197.90435786435785,48.03503831659171
